<?xml version="1.0" encoding="UTF-8"?>
<project-private xmlns="http://www.netbeans.org/ns/project-private/1">
    <editor-bookmarks xmlns="http://www.netbeans.org/ns/editor-bookmarks/2" lastBookmarkId="0"/>
    <open-files xmlns="http://www.netbeans.org/ns/projectui-open-files/2">
        <group>
            <file>file:/C:/Users/AdminSena/Documents/NetBeansProjects/SoftwareVentas/src/java/Modelos/ProductoDAO.java</file>
            <file>file:/C:/Users/AdminSena/Documents/NetBeansProjects/SoftwareVentas/src/java/Controladores/Controlador.java</file>
            <file>file:/C:/Users/AdminSena/Documents/NetBeansProjects/SoftwareVentas/web/Ventas.jsp</file>
            <file>file:/C:/Users/AdminSena/Documents/NetBeansProjects/SoftwareVentas/src/java/Modelos/Venta.java</file>
            <file>file:/C:/Users/AdminSena/Documents/NetBeansProjects/SoftwareVentas/src/java/Modelos/UsuarioDAO.java</file>
            <file>file:/C:/Users/AdminSena/Documents/NetBeansProjects/SoftwareVentas/src/java/Modelos/Producto.java</file>
            <file>file:/C:/Users/AdminSena/Documents/NetBeansProjects/SoftwareVentas/web/Principal.jsp</file>
            <file>file:/C:/Users/AdminSena/Documents/NetBeansProjects/SoftwareVentas/src/java/Modelos/VentaDAO.java</file>
        </group>
    </open-files>
</project-private>
